{
  "Отриати всіх героїв" : {
    "transaction" : "Отриати всіх героїв",
    "sampleCount" : 15676,
    "errorCount" : 8,
    "errorPct" : 0.051033426,
    "meanResTime" : 1293.3705664710394,
    "medianResTime" : 156.0,
    "minResTime" : 9.0,
    "maxResTime" : 32273.0,
    "pct1ResTime" : 220.0,
    "pct2ResTime" : 3215.0,
    "pct3ResTime" : 29273.23,
    "throughput" : 458.9799145048896,
    "receivedKBytesPerSec" : 2050.4244389840865,
    "sentKBytesPerSec" : 56.476044167593834
  },
  "Total" : {
    "transaction" : "Total",
    "sampleCount" : 75349,
    "errorCount" : 8,
    "errorPct" : 0.010617261,
    "meanResTime" : 390.9490636902943,
    "medianResTime" : 167.0,
    "minResTime" : 3.0,
    "maxResTime" : 32273.0,
    "pct1ResTime" : 221.0,
    "pct2ResTime" : 255.0,
    "pct3ResTime" : 29219.99,
    "throughput" : 2206.1544767816363,
    "receivedKBytesPerSec" : 2457.302196485038,
    "sentKBytesPerSec" : 397.7483535054459
  },
  "Отримати героя за id" : {
    "transaction" : "Отримати героя за id",
    "sampleCount" : 15078,
    "errorCount" : 0,
    "errorPct" : 0.0,
    "meanResTime" : 157.642260246717,
    "medianResTime" : 154.0,
    "minResTime" : 9.0,
    "maxResTime" : 464.0,
    "pct1ResTime" : 202.0,
    "pct2ResTime" : 221.04999999999927,
    "pct3ResTime" : 289.2099999999991,
    "throughput" : 508.20721965688085,
    "receivedKBytesPerSec" : 116.6295865423506,
    "sentKBytesPerSec" : 63.02960634416394
  },
  "Створити героя" : {
    "transaction" : "Створити героя",
    "sampleCount" : 14990,
    "errorCount" : 0,
    "errorPct" : 0.0,
    "meanResTime" : 150.1429619746504,
    "medianResTime" : 149.0,
    "minResTime" : 3.0,
    "maxResTime" : 411.0,
    "pct1ResTime" : 182.0,
    "pct2ResTime" : 206.0,
    "pct3ResTime" : 254.0,
    "throughput" : 507.55061962483916,
    "receivedKBytesPerSec" : 116.47890196468478,
    "sentKBytesPerSec" : 114.49628235677524
  },
  "Змінити героя" : {
    "transaction" : "Змінити героя",
    "sampleCount" : 14829,
    "errorCount" : 0,
    "errorPct" : 0.0,
    "meanResTime" : 153.88940589385663,
    "medianResTime" : 152.0,
    "minResTime" : 9.0,
    "maxResTime" : 351.0,
    "pct1ResTime" : 192.0,
    "pct2ResTime" : 214.0,
    "pct3ResTime" : 254.0,
    "throughput" : 503.25799226226843,
    "receivedKBytesPerSec" : 115.49377752112603,
    "sentKBytesPerSec" : 113.03646310578293
  },
  "Видалити героя " : {
    "transaction" : "Видалити героя ",
    "sampleCount" : 14776,
    "errorCount" : 0,
    "errorPct" : 0.0,
    "meanResTime" : 153.840349214943,
    "medianResTime" : 152.0,
    "minResTime" : 6.0,
    "maxResTime" : 350.0,
    "pct1ResTime" : 192.0,
    "pct2ResTime" : 208.0,
    "pct3ResTime" : 245.0,
    "throughput" : 505.0587913590374,
    "receivedKBytesPerSec" : 122.81214750820344,
    "sentKBytesPerSec" : 105.05617437448728
  }
}