{
  "Отриати всіх героїв" : {
    "transaction" : "Отриати всіх героїв",
    "sampleCount" : 2000,
    "errorCount" : 0,
    "errorPct" : 0.0,
    "meanResTime" : 1965.5154999999975,
    "medianResTime" : 345.5,
    "minResTime" : 2.0,
    "maxResTime" : 6922.0,
    "pct1ResTime" : 5732.700000000001,
    "pct2ResTime" : 6319.9,
    "pct3ResTime" : 6784.87,
    "throughput" : 253.1004808909137,
    "receivedKBytesPerSec" : 72.65120776385724,
    "sentKBytesPerSec" : 31.143223234624145
  },
  "Total" : {
    "transaction" : "Total",
    "sampleCount" : 10000,
    "errorCount" : 0,
    "errorPct" : 0.0,
    "meanResTime" : 417.3608999999994,
    "medianResTime" : 8.0,
    "minResTime" : 2.0,
    "maxResTime" : 6922.0,
    "pct1ResTime" : 447.89999999995234,
    "pct2ResTime" : 4043.949999999999,
    "pct3ResTime" : 6319.98,
    "throughput" : 1263.9029322548029,
    "receivedKBytesPerSec" : 308.0600472383721,
    "sentKBytesPerSec" : 228.835550429727
  },
  "Отримати героя за id" : {
    "transaction" : "Отримати героя за id",
    "sampleCount" : 2000,
    "errorCount" : 0,
    "errorPct" : 0.0,
    "meanResTime" : 35.919000000000075,
    "medianResTime" : 11.0,
    "minResTime" : 3.0,
    "maxResTime" : 330.0,
    "pct1ResTime" : 137.0,
    "pct2ResTime" : 191.0,
    "pct3ResTime" : 272.99,
    "throughput" : 278.20280984837945,
    "receivedKBytesPerSec" : 63.84537140075115,
    "sentKBytesPerSec" : 34.50366879955487
  },
  "Створити героя" : {
    "transaction" : "Створити героя",
    "sampleCount" : 2000,
    "errorCount" : 0,
    "errorPct" : 0.0,
    "meanResTime" : 32.041500000000035,
    "medianResTime" : 9.0,
    "minResTime" : 2.0,
    "maxResTime" : 272.0,
    "pct1ResTime" : 127.0,
    "pct2ResTime" : 148.0,
    "pct3ResTime" : 241.98000000000002,
    "throughput" : 287.4802357337933,
    "receivedKBytesPerSec" : 65.97446816156389,
    "sentKBytesPerSec" : 64.85149849072876
  },
  "Змінити героя" : {
    "transaction" : "Змінити героя",
    "sampleCount" : 2000,
    "errorCount" : 0,
    "errorPct" : 0.0,
    "meanResTime" : 27.722999999999956,
    "medianResTime" : 6.0,
    "minResTime" : 2.0,
    "maxResTime" : 271.0,
    "pct1ResTime" : 99.0,
    "pct2ResTime" : 137.0,
    "pct3ResTime" : 203.99,
    "throughput" : 294.8547840188707,
    "receivedKBytesPerSec" : 67.66686937933068,
    "sentKBytesPerSec" : 66.22714875423853
  },
  "Видалити героя " : {
    "transaction" : "Видалити героя ",
    "sampleCount" : 2000,
    "errorCount" : 0,
    "errorPct" : 0.0,
    "meanResTime" : 25.605500000000017,
    "medianResTime" : 6.0,
    "minResTime" : 2.0,
    "maxResTime" : 253.0,
    "pct1ResTime" : 95.90000000000009,
    "pct2ResTime" : 134.0,
    "pct3ResTime" : 212.99,
    "throughput" : 298.37386244964944,
    "receivedKBytesPerSec" : 72.55380053707295,
    "sentKBytesPerSec" : 62.06409443532746
  }
}