{
  "Отриати всіх героїв" : {
    "transaction" : "Отриати всіх героїв",
    "sampleCount" : 100,
    "errorCount" : 0,
    "errorPct" : 0.0,
    "meanResTime" : 238.45000000000002,
    "medianResTime" : 234.5,
    "minResTime" : 44.0,
    "maxResTime" : 445.0,
    "pct1ResTime" : 381.9000000000001,
    "pct2ResTime" : 411.5999999999999,
    "pct3ResTime" : 444.88999999999993,
    "throughput" : 126.90355329949237,
    "receivedKBytesPerSec" : 35.4896196859137,
    "sentKBytesPerSec" : 15.615085659898476
  },
  "Total" : {
    "transaction" : "Total",
    "sampleCount" : 500,
    "errorCount" : 0,
    "errorPct" : 0.0,
    "meanResTime" : 60.100000000000044,
    "medianResTime" : 12.5,
    "minResTime" : 3.0,
    "maxResTime" : 445.0,
    "pct1ResTime" : 234.90000000000003,
    "pct2ResTime" : 299.84999999999997,
    "pct3ResTime" : 411.9200000000001,
    "throughput" : 613.4969325153374,
    "receivedKBytesPerSec" : 150.4026073619632,
    "sentKBytesPerSec" : 111.07649539877302
  },
  "Отримати героя за id" : {
    "transaction" : "Отримати героя за id",
    "sampleCount" : 100,
    "errorCount" : 0,
    "errorPct" : 0.0,
    "meanResTime" : 15.529999999999994,
    "medianResTime" : 12.0,
    "minResTime" : 6.0,
    "maxResTime" : 80.0,
    "pct1ResTime" : 27.900000000000006,
    "pct2ResTime" : 29.94999999999999,
    "pct3ResTime" : 79.83999999999992,
    "throughput" : 153.37423312883436,
    "receivedKBytesPerSec" : 36.40541123466257,
    "sentKBytesPerSec" : 19.021999616564415
  },
  "Створити героя" : {
    "transaction" : "Створити героя",
    "sampleCount" : 100,
    "errorCount" : 0,
    "errorPct" : 0.0,
    "meanResTime" : 16.02,
    "medianResTime" : 11.0,
    "minResTime" : 3.0,
    "maxResTime" : 63.0,
    "pct1ResTime" : 31.900000000000006,
    "pct2ResTime" : 54.0,
    "pct3ResTime" : 62.969999999999985,
    "throughput" : 159.2356687898089,
    "receivedKBytesPerSec" : 36.543341958598724,
    "sentKBytesPerSec" : 35.921327627388536
  },
  "Змінити героя" : {
    "transaction" : "Змінити героя",
    "sampleCount" : 100,
    "errorCount" : 0,
    "errorPct" : 0.0,
    "meanResTime" : 13.469999999999997,
    "medianResTime" : 7.0,
    "minResTime" : 3.0,
    "maxResTime" : 63.0,
    "pct1ResTime" : 31.0,
    "pct2ResTime" : 32.0,
    "pct3ResTime" : 62.93999999999997,
    "throughput" : 165.28925619834712,
    "receivedKBytesPerSec" : 39.025374483471076,
    "sentKBytesPerSec" : 37.12551652892562
  },
  "Видалити героя " : {
    "transaction" : "Видалити героя ",
    "sampleCount" : 100,
    "errorCount" : 0,
    "errorPct" : 0.0,
    "meanResTime" : 17.03,
    "medianResTime" : 7.0,
    "minResTime" : 3.0,
    "maxResTime" : 57.0,
    "pct1ResTime" : 54.0,
    "pct2ResTime" : 57.0,
    "pct3ResTime" : 57.0,
    "throughput" : 173.61111111111111,
    "receivedKBytesPerSec" : 42.21598307291667,
    "sentKBytesPerSec" : 36.11246744791667
  }
}