{
  "Отриати всіх героїв" : {
    "transaction" : "Отриати всіх героїв",
    "sampleCount" : 29997,
    "errorCount" : 3299,
    "errorPct" : 10.9977665,
    "meanResTime" : 5136.02470247023,
    "medianResTime" : 715.0,
    "minResTime" : 10.0,
    "maxResTime" : 120478.0,
    "pct1ResTime" : 30211.9,
    "pct2ResTime" : 59765.0,
    "pct3ResTime" : 67482.94,
    "throughput" : 245.30600896274245,
    "receivedKBytesPerSec" : 1420.8986690945871,
    "sentKBytesPerSec" : 27.818470987618984
  },
  "Total" : {
    "transaction" : "Total",
    "sampleCount" : 136583,
    "errorCount" : 5968,
    "errorPct" : 4.3695045,
    "meanResTime" : 2399.822891575114,
    "medianResTime" : 686.0,
    "minResTime" : 10.0,
    "maxResTime" : 120478.0,
    "pct1ResTime" : 32920.600000000006,
    "pct2ResTime" : 64909.95,
    "pct3ResTime" : 67519.98000000001,
    "throughput" : 1116.9327140100095,
    "receivedKBytesPerSec" : 1663.5506280461875,
    "sentKBytesPerSec" : 193.87885763110873
  },
  "Отримати героя за id" : {
    "transaction" : "Отримати героя за id",
    "sampleCount" : 28487,
    "errorCount" : 1403,
    "errorPct" : 4.9250536,
    "meanResTime" : 3147.299505037382,
    "medianResTime" : 697.0,
    "minResTime" : 10.0,
    "maxResTime" : 70116.0,
    "pct1ResTime" : 1174.9000000000015,
    "pct2ResTime" : 32342.0,
    "pct3ResTime" : 65588.90000000002,
    "throughput" : 295.19901348172556,
    "receivedKBytesPerSec" : 90.79718895400048,
    "sentKBytesPerSec" : 35.37780089390265
  },
  "Створити героя" : {
    "transaction" : "Створити героя",
    "sampleCount" : 26523,
    "errorCount" : 636,
    "errorPct" : 2.3979187,
    "meanResTime" : 1049.343060739734,
    "medianResTime" : 667.0,
    "minResTime" : 16.0,
    "maxResTime" : 66572.0,
    "pct1ResTime" : 878.0,
    "pct2ResTime" : 983.0,
    "pct3ResTime" : 30676.88000000002,
    "throughput" : 347.51447813212445,
    "receivedKBytesPerSec" : 98.85566815187626,
    "sentKBytesPerSec" : 76.5529700643327
  },
  "Змінити героя" : {
    "transaction" : "Змінити героя",
    "sampleCount" : 26062,
    "errorCount" : 391,
    "errorPct" : 1.5002686,
    "meanResTime" : 1173.7969457447648,
    "medianResTime" : 663.0,
    "minResTime" : 13.0,
    "maxResTime" : 66634.0,
    "pct1ResTime" : 876.0,
    "pct2ResTime" : 1131.0,
    "pct3ResTime" : 32019.0,
    "throughput" : 342.1062994709967,
    "receivedKBytesPerSec" : 88.75368827611216,
    "sentKBytesPerSec" : 75.85257991658025
  },
  "Видалити героя " : {
    "transaction" : "Видалити героя ",
    "sampleCount" : 25514,
    "errorCount" : 239,
    "errorPct" : 0.93674064,
    "meanResTime" : 1004.520420161477,
    "medianResTime" : 693.0,
    "minResTime" : 13.0,
    "maxResTime" : 65638.0,
    "pct1ResTime" : 985.0,
    "pct2ResTime" : 1145.0,
    "pct3ResTime" : 1374.0,
    "throughput" : 335.41042225377294,
    "receivedKBytesPerSec" : 86.82002400401615,
    "sentKBytesPerSec" : 69.29765452457012
  }
}