{
  "Отриати всіх героїв" : {
    "transaction" : "Отриати всіх героїв",
    "sampleCount" : 20000,
    "errorCount" : 2579,
    "errorPct" : 12.895,
    "meanResTime" : 6708.051900000049,
    "medianResTime" : 74.5,
    "minResTime" : 1.0,
    "maxResTime" : 67231.0,
    "pct1ResTime" : 30547.700000000004,
    "pct2ResTime" : 35044.65000000001,
    "pct3ResTime" : 66537.96,
    "throughput" : 201.91006925515376,
    "receivedKBytesPerSec" : 134.0716380080562,
    "sentKBytesPerSec" : 21.640717279211337
  },
  "Total" : {
    "transaction" : "Total",
    "sampleCount" : 100000,
    "errorCount" : 6475,
    "errorPct" : 6.475,
    "meanResTime" : 1947.3812999999975,
    "medianResTime" : 13.0,
    "minResTime" : 1.0,
    "maxResTime" : 67231.0,
    "pct1ResTime" : 436.0,
    "pct2ResTime" : 30325.800000000003,
    "pct3ResTime" : 66537.96,
    "throughput" : 1009.479007884031,
    "receivedKBytesPerSec" : 413.66578657973366,
    "sentKBytesPerSec" : 172.52238756296623
  },
  "Отримати героя за id" : {
    "transaction" : "Отримати героя за id",
    "sampleCount" : 20000,
    "errorCount" : 1678,
    "errorPct" : 8.39,
    "meanResTime" : 1893.9334499999998,
    "medianResTime" : 29.0,
    "minResTime" : 1.0,
    "maxResTime" : 35501.0,
    "pct1ResTime" : 1067.7000000000044,
    "pct2ResTime" : 16214.900000000001,
    "pct3ResTime" : 32282.0,
    "throughput" : 203.40706839562674,
    "receivedKBytesPerSec" : 86.41358973747775,
    "sentKBytesPerSec" : 23.110678076531908
  },
  "Створити героя" : {
    "transaction" : "Створити героя",
    "sampleCount" : 20000,
    "errorCount" : 931,
    "errorPct" : 4.655,
    "meanResTime" : 512.6142999999989,
    "medianResTime" : 21.0,
    "minResTime" : 1.0,
    "maxResTime" : 35752.0,
    "pct1ResTime" : 638.0,
    "pct2ResTime" : 997.0,
    "pct3ResTime" : 15714.920000000013,
    "throughput" : 204.7585896228347,
    "receivedKBytesPerSec" : 69.29622553134854,
    "sentKBytesPerSec" : 44.04048325266698
  },
  "Змінити героя" : {
    "transaction" : "Змінити героя",
    "sampleCount" : 20000,
    "errorCount" : 726,
    "errorPct" : 3.63,
    "meanResTime" : 293.07744999999977,
    "medianResTime" : 17.0,
    "minResTime" : 1.0,
    "maxResTime" : 33753.0,
    "pct1ResTime" : 475.0,
    "pct2ResTime" : 688.0,
    "pct3ResTime" : 1683.9700000000048,
    "throughput" : 205.8375530031699,
    "receivedKBytesPerSec" : 64.46923621081368,
    "sentKBytesPerSec" : 44.554784629595325
  },
  "Видалити героя " : {
    "transaction" : "Видалити героя ",
    "sampleCount" : 20000,
    "errorCount" : 561,
    "errorPct" : 2.805,
    "meanResTime" : 329.2294000000017,
    "medianResTime" : 17.0,
    "minResTime" : 1.0,
    "maxResTime" : 33726.0,
    "pct1ResTime" : 491.0,
    "pct2ResTime" : 747.0,
    "pct3ResTime" : 2221.3300000001072,
    "throughput" : 206.058108386565,
    "receivedKBytesPerSec" : 63.553794044920664,
    "sentKBytesPerSec" : 41.65942579010406
  }
}