{
  "Отриати всіх героїв" : {
    "transaction" : "Отриати всіх героїв",
    "sampleCount" : 22494,
    "errorCount" : 13386,
    "errorPct" : 59.5092,
    "meanResTime" : 16147.828709878191,
    "medianResTime" : 9882.5,
    "minResTime" : 2.0,
    "maxResTime" : 199850.0,
    "pct1ResTime" : 41264.10000000001,
    "pct2ResTime" : 63815.10000000019,
    "pct3ResTime" : 80465.97,
    "throughput" : 57.44918860108391,
    "receivedKBytesPerSec" : 267.6656636049787,
    "sentKBytesPerSec" : 2.8795556987557016
  },
  "Total" : {
    "transaction" : "Total",
    "sampleCount" : 94325,
    "errorCount" : 56633,
    "errorPct" : 60.040287,
    "meanResTime" : 14621.364049827785,
    "medianResTime" : 8248.0,
    "minResTime" : 1.0,
    "maxResTime" : 200071.0,
    "pct1ResTime" : 52186.700000000266,
    "pct2ResTime" : 73329.8,
    "pct3ResTime" : 196521.98,
    "throughput" : 240.90092989163608,
    "receivedKBytesPerSec" : 563.8888676060079,
    "sentKBytesPerSec" : 17.090842632090073
  },
  "Отримати героя за id" : {
    "transaction" : "Отримати героя за id",
    "sampleCount" : 20593,
    "errorCount" : 12605,
    "errorPct" : 61.21012,
    "meanResTime" : 14235.181420871206,
    "medianResTime" : 6293.5,
    "minResTime" : 2.0,
    "maxResTime" : 198228.0,
    "pct1ResTime" : 41001.0,
    "pct2ResTime" : 53984.55000000002,
    "pct3ResTime" : 76381.97,
    "throughput" : 52.70067612871526,
    "receivedKBytesPerSec" : 86.1649173976786,
    "sentKBytesPerSec" : 2.547731137269228
  },
  "Створити героя" : {
    "transaction" : "Створити героя",
    "sampleCount" : 19094,
    "errorCount" : 11834,
    "errorPct" : 61.977585,
    "meanResTime" : 15020.27134178281,
    "medianResTime" : 6362.0,
    "minResTime" : 1.0,
    "maxResTime" : 198287.0,
    "pct1ResTime" : 42196.0,
    "pct2ResTime" : 59941.25,
    "pct3ResTime" : 80793.0,
    "throughput" : 48.907057636252794,
    "receivedKBytesPerSec" : 80.88131885319174,
    "sentKBytesPerSec" : 4.2324737130008145
  },
  "Змінити героя" : {
    "transaction" : "Змінити героя",
    "sampleCount" : 17265,
    "errorCount" : 10373,
    "errorPct" : 60.08109,
    "meanResTime" : 14072.786330726978,
    "medianResTime" : 6360.0,
    "minResTime" : 1.0,
    "maxResTime" : 198372.0,
    "pct1ResTime" : 39060.39999999998,
    "pct2ResTime" : 55487.3,
    "pct3ResTime" : 77669.42000000001,
    "throughput" : 44.24699381849122,
    "receivedKBytesPerSec" : 71.32462155237367,
    "sentKBytesPerSec" : 4.011005046181919
  },
  "Видалити героя " : {
    "transaction" : "Видалити героя ",
    "sampleCount" : 14879,
    "errorCount" : 8435,
    "errorPct" : 56.69064,
    "meanResTime" : 12972.786948047627,
    "medianResTime" : 5864.0,
    "minResTime" : 2.0,
    "maxResTime" : 200071.0,
    "pct1ResTime" : 34046.0,
    "pct2ResTime" : 52842.0,
    "pct3ResTime" : 76886.80000000012,
    "throughput" : 38.15441266975752,
    "receivedKBytesPerSec" : 58.7503659154405,
    "sentKBytesPerSec" : 3.465481162076119
  }
}